date,opponent,is_home,goals_for,goals_against,win
2022-09-24,PHI,0,1,2,0
2022-09-27,NYR,1,3,2,1
2022-10-01,PHI,1,4,0,1
2022-10-03,NJD,0,0,1,0
2022-10-05,NYR,0,5,4,1
2022-10-08,NJD,1,3,5,0
2022-10-12,WSH,0,5,2,1
2022-10-15,ARI,1,6,3,1
2022-10-17,FLA,1,5,3,1
2022-10-18,OTT,0,5,7,0
2022-10-20,ANA,1,2,1,1
2022-10-22,MIN,1,4,3,1
2022-10-25,DAL,1,3,1,1
2022-10-27,DET,1,5,1,1
2022-10-28,CBJ,0,4,0,1
2022-11-01,PIT,0,6,5,1
2022-11-03,NYR,0,5,2,1
2022-11-05,TOR,0,1,2,0
2022-11-07,STL,1,3,1,1
2022-11-10,CGY,1,3,1,1
2022-11-12,BUF,0,3,1,1
2022-11-13,VAN,1,5,2,1
2022-11-17,PHI,1,4,1,1
2022-11-19,CHI,1,6,1,1
2022-11-21,TBL,0,5,3,1
2022-11-23,FLA,0,2,5,0
2022-11-25,CAR,1,3,2,1
2022-11-29,TBL,1,3,1,1
2022-12-03,COL,1,5,1,1
2022-12-05,VGK,1,3,4,0
2022-12-07,COL,0,4,0,1
2022-12-09,ARI,0,3,4,0
2022-12-11,VGK,0,3,1,1
2022-12-13,NYI,1,4,3,1
2022-12-15,LAK,1,2,3,0
2022-12-17,CBJ,1,4,2,1
2022-12-19,FLA,1,7,3,1
2022-12-22,WPG,1,3,2,1
2022-12-23,NJD,0,4,3,1
2022-12-27,OTT,0,2,3,0
2022-12-28,NJD,0,3,1,1
2022-12-31,BUF,1,3,4,0
2023-01-02,PIT,1,2,1,1
2023-01-05,LAK,0,5,2,1
2023-01-07,SJS,0,4,2,1
2023-01-08,ANA,0,7,1,1
2023-01-12,SEA,1,0,3,0
2023-01-14,TOR,1,4,3,1
2023-01-16,PHI,1,6,0,1
2023-01-18,NYI,0,4,1,1
2023-01-19,NYR,0,3,1,1
2023-01-22,SJS,1,4,0,1
2023-01-24,MTL,0,4,2,1
2023-01-26,TBL,0,2,3,0
2023-01-28,FLA,0,3,4,0
2023-01-29,CAR,0,1,4,0
2023-02-01,TOR,0,5,2,1
2023-02-11,WSH,1,1,2,0
2023-02-14,DAL,0,3,2,1
2023-02-16,NSH,0,5,0,1
2023-02-18,NYI,1,6,2,1
2023-02-20,OTT,1,3,1,1
2023-02-23,SEA,0,6,5,1
2023-02-25,VAN,0,3,1,1
2023-02-27,EDM,0,3,2,1
2023-02-28,CGY,0,4,3,1
2023-03-02,BUF,1,7,1,1
2023-03-04,NYR,1,4,2,1
2023-03-09,EDM,1,2,3,0
2023-03-11,DET,1,3,2,1
2023-03-12,DET,0,3,5,0
2023-03-14,CHI,0,3,6,0
2023-03-16,WPG,0,3,0,1
2023-03-18,MIN,0,5,2,1
2023-03-19,BUF,0,7,0,1
2023-03-21,OTT,1,2,1,1
2023-03-23,MTL,1,4,2,1
2023-03-25,TBL,1,2,1,1
2023-03-26,CAR,0,4,3,1
2023-03-28,NSH,1,1,2,0
2023-03-30,CBJ,1,2,1,1
2023-04-01,PIT,0,4,3,1
2023-04-02,STL,0,4,3,1
2023-04-06,TOR,1,2,1,1
2023-04-08,NJD,1,2,1,1
2023-04-09,PHI,0,5,3,1
2023-04-11,WSH,1,5,2,1
2023-04-13,MTL,0,5,4,1
2023-04-17,FLA,1,3,1,1
2023-04-19,FLA,1,3,6,0
2023-04-21,FLA,0,4,2,1
2023-04-23,FLA,0,6,2,1
2023-04-26,FLA,1,3,4,0
2023-04-28,FLA,0,5,7,0
2023-04-30,FLA,1,3,4,0
2023-09-24,NYR,1,3,0,1
2023-09-26,BUF,0,1,4,0
2023-09-29,PHI,1,3,4,0
2023-10-02,PHI,0,1,3,0
2023-10-03,WSH,1,4,5,0
2023-10-05,NYR,0,3,1,1
2023-10-11,CHI,1,3,1,1
2023-10-14,NSH,1,3,2,1
2023-10-19,SJS,0,3,1,1
2023-10-21,LAK,0,4,2,1
2023-10-22,ANA,0,3,1,1
2023-10-24,CHI,0,3,0,1
2023-10-26,ANA,1,3,4,0
2023-10-28,DET,1,4,1,1
2023-10-30,FLA,1,3,2,1
2023-11-02,TOR,1,3,2,1
2023-11-04,DET,0,4,5,0
2023-11-06,DAL,0,3,2,1
2023-11-09,NYI,1,5,2,1
2023-11-11,MTL,0,2,3,0
2023-11-14,BUF,0,5,2,1
2023-11-18,MTL,1,5,2,1
2023-11-20,TBL,0,4,5,0
2023-11-22,FLA,0,3,1,1
2023-11-24,DET,1,2,5,0
2023-11-25,NYR,0,4,7,0
2023-11-27,CBJ,0,2,5,0
2023-11-30,SJS,1,3,0,1
2023-12-02,TOR,0,4,3,1
2023-12-03,CBJ,1,3,1,1
2023-12-07,BUF,1,1,3,0
2023-12-09,ARI,1,5,3,1
2023-12-13,NJD,0,1,2,0
2023-12-15,NYI,0,5,4,1
2023-12-16,NYR,1,1,2,0
2023-12-19,MIN,1,3,4,0
2023-12-22,WPG,0,1,5,0
2023-12-23,MIN,0,2,3,0
2023-12-27,BUF,0,4,1,1
2023-12-30,NJD,1,5,2,1
2023-12-31,DET,0,5,3,1
2024-01-02,CBJ,0,4,1,1
2024-01-04,PIT,1,5,6,0
2024-01-06,TBL,1,7,3,1
2024-01-08,COL,0,3,4,0
2024-01-09,ARI,0,3,4,0
2024-01-11,VGK,0,1,2,0
2024-01-13,STL,0,4,3,1
2024-01-15,NJD,1,3,0,1
2024-01-18,COL,1,5,2,1
2024-01-20,MTL,1,9,4,1
2024-01-22,WPG,1,4,1,1
2024-01-24,CAR,1,2,3,0
2024-01-25,OTT,0,3,2,1
2024-01-27,PHI,0,6,2,1
2024-02-06,CGY,1,1,4,0
2024-02-08,VAN,1,4,0,1
2024-02-10,WSH,1,0,3,0
2024-02-13,TBL,1,2,3,0
2024-02-15,SEA,1,1,4,0
2024-02-17,LAK,1,4,5,0
2024-02-19,DAL,1,4,3,1
2024-02-21,EDM,0,6,5,1
2024-02-22,CGY,0,2,3,0
2024-02-24,VAN,0,2,3,0
2024-02-26,SEA,0,3,4,0
2024-02-29,VGK,1,5,4,1
2024-03-02,NYI,0,1,5,0
2024-03-04,TOR,0,4,1,1
2024-03-05,EDM,1,1,2,0
2024-03-07,TOR,1,4,1,1
2024-03-09,PIT,1,5,1,1
2024-03-11,STL,1,1,5,0
2024-03-14,MTL,0,2,1,1
2024-03-16,PHI,1,6,5,1
2024-03-19,OTT,1,6,2,1
2024-03-21,NYR,1,2,5,0
2024-03-23,PHI,0,2,3,0
2024-03-26,FLA,0,4,3,1
2024-03-27,TBL,0,1,3,0
2024-03-30,WSH,0,3,2,1
2024-04-02,NSH,0,3,0,1
2024-04-04,CAR,0,4,1,1
2024-04-06,FLA,1,3,2,1
2024-04-09,CAR,1,1,4,0
2024-04-13,PIT,0,6,4,1
2024-04-15,WSH,0,0,2,0
2024-04-16,OTT,1,1,3,0
2024-04-20,TOR,1,5,1,1
2024-04-22,TOR,1,2,3,0
2024-04-24,TOR,0,4,2,1
2024-04-27,TOR,0,3,1,1
2024-04-30,TOR,1,1,2,0
2024-05-02,TOR,0,1,2,0
2024-05-04,TOR,1,2,1,1
2024-05-06,FLA,0,5,1,1
2024-05-08,FLA,0,1,6,0
2024-05-10,FLA,1,2,6,0
2024-05-12,FLA,1,2,3,0
2024-05-14,FLA,0,2,1,1
2024-05-17,FLA,1,1,2,0
